{"cameraMode":{"drawMode":0,"name":"Shaded","section":"Shading Mode"},"sceneLighting":true,"audioPlay":false,"sceneViewState":{"m_AlwaysRefresh":false,"showFog":true,"showSkybox":true,"showFlares":true,"showImageEffects":true,"showParticleSystems":true,"showVisualEffectGraphs":true,"m_FxEnabled":true},"in2DMode":false,"pivot":{"x":0.23638738691806794,"y":0.060070134699344638,"z":-0.18440081179141999},"rotation":{"x":0.10741215199232102,"y":-0.6292244791984558,"z":0.0883052721619606,"w":0.7647064924240112},"size":16.700075149536134,"orthographic":true}