{"cameraMode":{"drawMode":0,"name":"Shaded","section":"Shading Mode"},"sceneLighting":true,"audioPlay":false,"sceneViewState":{"m_AlwaysRefresh":false,"showFog":true,"showSkybox":true,"showFlares":true,"showImageEffects":true,"showParticleSystems":true,"showVisualEffectGraphs":true,"m_FxEnabled":true},"in2DMode":false,"pivot":{"x":0.23638738691806794,"y":0.060070134699344638,"z":-0.18440081179141999},"rotation":{"x":0.031457655131816867,"y":0.04795954003930092,"z":-0.0015571791445836425,"w":0.9983694553375244},"size":14.605881690979004,"orthographic":true}